wavelength,angle,psi,delta
380.416931,65.02,15.207945,134.417389
380.416931,70.02,11.630391,101.811211
380.416931,75.02,13.609976,56.522247
383.600128,65.02,15.164901,135.098694
383.600128,70.02,11.513136,102.522331
383.600128,75.02,13.357311,56.392845
386.78299,65.02,15.039279,135.586975
386.78299,70.02,11.347013,103.307037
386.78299,75.02,13.114861,56.558517
389.965515,65.02,15.01665,136.373016
389.965515,70.02,11.226667,103.695068
389.965515,75.02,12.904972,56.336948
393.147766,65.02,14.948274,137.06662
393.147766,70.02,11.045287,104.435974
393.147766,75.02,12.707554,56.064384
396.329651,65.02,14.805991,137.597809
396.329651,70.02,10.868531,104.975105
396.329651,75.02,12.526257,55.922375
399.51123,65.02,14.72224,138.311371
399.51123,70.02,10.669183,105.590164
399.51123,75.02,12.334611,55.681778
402.692474,65.02,14.626482,139.141602
402.692474,70.02,10.501447,106.111115
402.692474,75.02,12.135907,55.314789
405.873413,65.02,14.516659,139.885681
405.873413,70.02,10.318794,106.703384
405.873413,75.02,11.937903,55.043781
409.054016,65.02,14.43582,140.50029
409.054016,70.02,10.149495,107.225952
409.054016,75.02,11.76209,54.696941
412.234283,65.02,14.351912,141.253891
412.234283,70.02,9.951984,107.92382
412.234283,75.02,11.55482,54.361347
415.414246,65.02,14.253497,141.9785
415.414246,70.02,9.775316,108.50415
415.414246,75.02,11.363512,53.886662
418.593933,65.02,14.139977,142.599533
418.593933,70.02,9.575698,109.104622
418.593933,75.02,11.165623,53.44035
421.773254,65.02,14.040657,143.470261
421.773254,70.02,9.37637,109.728806
421.773254,75.02,10.981716,52.863674
424.95224,65.02,13.919704,144.212051
424.95224,70.02,9.188622,110.331131
424.95224,75.02,10.794178,52.331921
428.130951,65.02,13.818817,144.987793
428.130951,70.02,8.998306,110.899467
428.130951,75.02,10.608808,51.655067
431.309265,65.02,13.714541,145.72319
431.309265,70.02,8.776866,111.50885
431.309265,75.02,10.41989,51.101543
434.487305,65.02,13.596771,146.50943
434.487305,70.02,8.579717,112.141556
434.487305,75.02,10.252911,50.219246
437.665039,65.02,13.478304,147.267639
437.665039,70.02,8.367761,112.69828
437.665039,75.02,10.079676,49.487652
440.842468,65.02,13.347932,147.964111
440.842468,70.02,8.148961,113.251518
440.842468,75.02,9.894651,48.622955
444.019531,65.02,13.213219,148.729324
444.019531,70.02,7.923839,113.864273
444.019531,75.02,9.72408,47.646179
447.196228,65.02,13.092278,149.475006
447.196228,70.02,7.705768,114.33683
447.196228,75.02,9.586366,46.663651
450.37265,65.02,12.94719,150.217361
450.37265,70.02,7.485951,114.884476
450.37265,75.02,9.443336,45.596123
453.548767,65.02,12.788442,151.00769
453.548767,70.02,7.255372,115.305733
453.548767,75.02,9.296965,44.439217
456.724548,65.02,12.655603,151.807266
456.724548,70.02,7.017372,115.772827
456.724548,75.02,9.169296,43.258194
459.899994,65.02,12.520273,152.576752
459.899994,70.02,6.786582,116.222404
459.899994,75.02,9.052416,41.962601
463.075195,65.02,12.357979,153.354294
463.075195,70.02,6.558635,116.606842
463.075195,75.02,8.948329,40.621616
466.25,65.02,12.190844,154.093384
466.25,70.02,6.312937,116.806015
466.25,75.02,8.855336,39.16407
469.4245,65.02,12.023664,154.838715
469.4245,70.02,6.081561,117.088806
469.4245,75.02,8.788152,37.629749
472.598694,65.02,11.857408,155.615158
472.598694,70.02,5.845163,117.405441
472.598694,75.02,8.715096,36.176949
475.772552,65.02,11.681921,156.35321
475.772552,70.02,5.581518,117.52224
475.772552,75.02,8.656795,34.562756
478.946045,65.02,11.522062,157.185028
478.946045,70.02,5.336136,117.599602
478.946045,75.02,8.620171,32.982754
482.119232,65.02,11.326964,157.975327
482.119232,70.02,5.094125,117.681252
482.119232,75.02,8.596949,31.358292
485.292175,65.02,11.130177,158.766556
485.292175,70.02,4.83172,117.537292
485.292175,75.02,8.582026,29.597553
488.464752,65.02,10.927607,159.565002
488.464752,70.02,4.558486,117.344971
488.464752,75.02,8.604857,27.884108
491.636963,65.02,10.734464,160.267105
491.636963,70.02,4.308406,116.847511
491.636963,75.02,8.621779,26.157938
494.808899,65.02,10.523801,161.048691
494.808899,70.02,4.041007,116.171028
494.808899,75.02,8.678623,24.434349
497.980469,65.02,10.310822,161.908295
497.980469,70.02,3.765559,115.39476
497.980469,75.02,8.733814,22.755127
501.151764,65.02,10.090934,162.710815
501.151764,70.02,3.485038,114.233109
501.151764,75.02,8.831356,21.049486
504.322754,65.02,9.868258,163.593826
504.322754,70.02,3.227127,112.623146
504.322754,75.02,8.926442,19.34461
507.493347,65.02,9.611459,164.328857
507.493347,70.02,2.948548,110.517799
507.493347,75.02,9.052795,17.670517
510.663666,65.02,9.369779,165.209656
510.663666,70.02,2.680666,107.352028
510.663666,75.02,9.21032,16.107517
513.833679,65.02,9.080844,166.108337
513.833679,70.02,2.421042,103.346458
513.833679,75.02,9.388336,14.530429
517.003296,65.02,8.798185,166.866257
517.003296,70.02,2.175283,97.925163
517.003296,75.02,9.56936,13.055403
520.172668,65.02,8.497763,167.793427
520.172668,70.02,1.959876,90.641106
520.172668,75.02,9.790293,11.621607
523.341675,65.02,8.184237,168.580078
523.341675,70.02,1.791324,81.262299
523.341675,75.02,10.051888,10.310024
526.510376,65.02,7.863375,169.445663
526.510376,70.02,1.720179,69.557938
526.510376,75.02,10.320078,9.074079
529.678833,65.02,7.490942,170.142395
529.678833,70.02,1.72357,56.865917
529.678833,75.02,10.612377,7.996752
532.846863,65.02,7.116341,170.851624
532.846863,70.02,1.850789,44.413704
532.846863,75.02,10.93082,6.963509
536.014587,65.02,6.71763,171.459427
536.014587,70.02,2.064381,33.99931
536.014587,75.02,11.298481,6.11265
539.182007,65.02,6.299862,172.06546
539.182007,70.02,2.390083,25.780207
539.182007,75.02,11.694282,5.393486
542.349121,65.02,5.844213,172.4048
542.349121,70.02,2.779987,19.957264
542.349121,75.02,12.10052,4.827297
545.515869,65.02,5.367329,172.368622
545.515869,70.02,3.208541,16.151848
545.515869,75.02,12.535586,4.436043
548.682312,65.02,4.881858,172.032349
548.682312,70.02,3.699623,13.504005
548.682312,75.02,13.007369,4.221799
551.84845,65.02,4.364538,170.879517
551.84845,70.02,4.21003,12.15022
551.84845,75.02,13.496675,4.137002
555.014282,65.02,3.822104,168.823532
555.014282,70.02,4.778878,11.554012
555.014282,75.02,13.990623,4.273547
558.179749,65.02,3.276603,165.107407
558.179749,70.02,5.355742,11.449025
558.179749,75.02,14.521514,4.57336
561.34491,65.02,2.771645,158.793121
561.34491,70.02,5.975703,12.002791
561.34491,75.02,15.066691,5.079773
564.509766,65.02,2.329525,147.852661
564.509766,70.02,6.620061,13.004858
564.509766,75.02,15.611079,5.7818
567.674194,65.02,2.052378,130.927658
567.674194,70.02,7.281951,14.403754
567.674194,75.02,16.17787,6.620657
570.838501,65.02,2.070442,110.790329
570.838501,70.02,7.964463,16.066397
570.838501,75.02,16.72979,7.687057
574.002319,65.02,2.424322,93.098129
574.002319,70.02,8.645191,18.104448
574.002319,75.02,17.27949,8.936745
577.165894,65.02,3.009759,81.745705
577.165894,70.02,9.331586,20.42979
577.165894,75.02,17.820787,10.349743
580.329102,65.02,3.756832,75.311729
580.329102,70.02,10.03361,22.931097
580.329102,75.02,18.341291,11.928815
583.492065,65.02,4.609635,72.122192
583.492065,70.02,10.695369,25.68416
583.492065,75.02,18.82646,13.677122
586.654602,65.02,5.502822,71.374313
586.654602,70.02,11.369415,28.657389
586.654602,75.02,19.291632,15.559301
589.816895,65.02,6.430822,71.786179
589.816895,70.02,12.00022,31.693604
589.816895,75.02,19.68618,17.563055
592.978821,65.02,7.354144,73.019814
592.978821,70.02,12.576648,34.926476
592.978821,75.02,20.038738,19.703264
596.140442,65.02,8.260039,74.913239
596.140442,70.02,13.126397,38.215714
596.140442,75.02,20.335524,21.868238
599.301758,65.02,9.134912,77.266716
599.301758,70.02,13.618018,41.496639
599.301758,75.02,20.556755,24.079208
602.462769,65.02,9.956454,79.734138
602.462769,70.02,14.01998,44.791119
602.462769,75.02,20.724709,26.260464
605.623413,65.02,10.7254,82.335342
605.623413,70.02,14.392186,48.049343
605.623413,75.02,20.825211,28.442112
608.783752,65.02,11.405407,84.974365
608.783752,70.02,14.670839,51.040726
608.783752,75.02,20.86705,30.495558
611.943726,65.02,11.909793,87.596985
611.943726,70.02,14.830804,53.832401
611.943726,75.02,20.810812,32.306953
615.103394,65.02,12.708035,90.765121
615.103394,70.02,15.130977,57.686455
615.103394,75.02,20.782684,34.942547
618.262817,65.02,13.104725,92.673729
618.262817,70.02,15.26011,59.813042
618.262817,75.02,20.72508,36.380085
621.421875,65.02,13.578873,95.270424
621.421875,70.02,15.359226,62.591454
621.421875,75.02,20.586254,38.306782
624.580566,65.02,13.981899,97.617584
624.580566,70.02,15.439565,65.170372
624.580566,75.02,20.425297,40.010143
627.738953,65.02,14.344903,99.94854
627.738953,70.02,15.488436,67.686821
627.738953,75.02,20.255894,41.72414
630.897095,65.02,14.66284,102.072609
630.897095,70.02,15.518448,70.077316
630.897095,75.02,20.068497,43.324863
634.05481,65.02,14.967752,104.131607
634.05481,70.02,15.526022,72.394989
634.05481,75.02,19.870501,44.881119
637.21228,65.02,15.246096,106.170692
637.21228,70.02,15.510668,74.636162
637.21228,75.02,19.641615,46.37804
640.369446,65.02,15.476295,108.023232
640.369446,70.02,15.484634,76.800652
640.369446,75.02,19.410179,47.798565
643.526184,65.02,15.70298,109.890251
643.526184,70.02,15.468951,78.865128
643.526184,75.02,19.165266,49.215424
646.682678,65.02,15.903147,111.696342
646.682678,70.02,15.424137,80.836967
646.682678,75.02,18.934557,50.547764
649.838806,65.02,16.093504,113.37236
649.838806,70.02,15.383247,82.804047
649.838806,75.02,18.690989,51.838303
652.994629,65.02,16.246635,114.947502
652.994629,70.02,15.315262,84.641647
652.994629,75.02,18.434076,53.059742
656.150208,65.02,16.396969,116.414406
656.150208,70.02,15.26403,86.371445
656.150208,75.02,18.187344,54.211517
659.305359,65.02,16.549442,117.942474
659.305359,70.02,15.215239,88.12915
659.305359,75.02,17.948706,55.385239
662.460205,65.02,16.680729,119.335114
662.460205,70.02,15.147508,89.852402
662.460205,75.02,17.688148,56.529434
665.614746,65.02,16.798729,120.653847
665.614746,70.02,15.083019,91.432388
665.614746,75.02,17.439182,57.577393
668.768921,65.02,16.904058,122.009773
668.768921,70.02,15.013106,93.024139
668.768921,75.02,17.19063,58.623798
671.922852,65.02,17.002146,123.321991
671.922852,70.02,14.939522,94.61451
671.922852,75.02,16.932211,59.628361
675.076477,65.02,17.087318,124.514
675.076477,70.02,14.858891,96.071877
675.076477,75.02,16.688162,60.633881
678.229675,65.02,17.165749,125.67186
678.229675,70.02,14.784264,97.514259
678.229675,75.02,16.438248,61.569691
681.382629,65.02,17.245852,126.874969
681.382629,70.02,14.718995,98.936897
681.382629,75.02,16.19726,62.49892
684.535278,65.02,17.323896,127.932976
684.535278,70.02,14.633134,100.308189
684.535278,75.02,15.953916,63.388683
687.687561,65.02,17.380627,128.998703
687.687561,70.02,14.562708,101.685768
687.687561,75.02,15.710419,64.298248
690.839478,65.02,17.440409,130.105743
690.839478,70.02,14.485923,103.021271
690.839478,75.02,15.459629,65.117058
693.99115,65.02,17.495995,131.095932
693.99115,70.02,14.413743,104.277168
693.99115,75.02,15.232703,65.966408
697.142456,65.02,17.546284,132.093033
697.142456,70.02,14.326648,105.514351
697.142456,75.02,14.993057,66.815422
700.293457,65.02,17.58847,133.040039
700.293457,70.02,14.257474,106.805878
700.293457,75.02,14.752851,67.621407
703.444153,65.02,17.628046,133.99559
703.444153,70.02,14.168856,108.012886
703.444153,75.02,14.513493,68.392891
706.594543,65.02,17.673578,134.913818
706.594543,70.02,14.098441,109.21859
706.594543,75.02,14.281288,69.195717
709.744507,65.02,17.703188,135.841492
709.744507,70.02,14.014791,110.435722
709.744507,75.02,14.040637,69.952347
712.894287,65.02,17.733124,136.777435
712.894287,70.02,13.930927,111.64595
712.894287,75.02,13.800679,70.741447
716.04364,65.02,17.7647,137.633728
716.04364,70.02,13.865168,112.843307
716.04364,75.02,13.579083,71.480896
719.192749,65.02,17.811033,138.50502
719.192749,70.02,13.78521,113.999382
719.192749,75.02,13.343709,72.197449
722.341492,65.02,17.83815,139.305664
722.341492,70.02,13.712457,115.10302
722.341492,75.02,13.131721,72.922302
725.489929,65.02,17.861338,140.15416
725.489929,70.02,13.642149,116.232307
725.489929,75.02,12.891891,73.683815
728.638,65.02,17.881479,140.939011
728.638,70.02,13.566854,117.316978
728.638,75.02,12.670418,74.315758
731.785828,65.02,17.908764,141.769775
731.785828,70.02,13.487614,118.438156
731.785828,75.02,12.44303,75.003807
734.933289,65.02,17.919909,142.538055
734.933289,70.02,13.413768,119.499573
734.933289,75.02,12.226216,75.77018
738.080444,65.02,17.929554,143.291397
738.080444,70.02,13.347846,120.567085
738.080444,75.02,12.009195,76.398064
741.227234,65.02,17.948975,144.011993
741.227234,70.02,13.284717,121.611626
741.227234,75.02,11.793996,77.104698
744.373718,65.02,17.958275,144.794907
744.373718,70.02,13.20496,122.665512
744.373718,75.02,11.573627,77.786201
747.519897,65.02,17.982599,145.5242
747.519897,70.02,13.132994,123.725609
747.519897,75.02,11.350415,78.418396
750.665771,65.02,17.994041,146.232254
750.665771,70.02,13.067445,124.728523
750.665771,75.02,11.140572,79.086464
753.81134,65.02,17.996449,146.966095
753.81134,70.02,12.996964,125.757942
753.81134,75.02,10.924157,79.741325
756.956543,65.02,18.00288,147.653793
756.956543,70.02,12.931337,126.775833
756.956543,75.02,10.722445,80.392426
760.10144,65.02,18.01722,148.304611
760.10144,70.02,12.862412,127.810806
760.10144,75.02,10.507468,81.055237
763.245972,65.02,18.023237,149.011063
763.245972,70.02,12.799478,128.801987
763.245972,75.02,10.296769,81.723938
766.390259,65.02,18.026241,149.698532
766.390259,70.02,12.730803,129.796021
766.390259,75.02,10.091598,82.340096
769.534119,65.02,18.028873,150.359207
769.534119,70.02,12.654619,130.780807
769.534119,75.02,9.88652,82.954781
772.677734,65.02,18.028162,151.006729
772.677734,70.02,12.602062,131.740738
772.677734,75.02,9.684638,83.650261
775.820984,65.02,18.037586,151.657288
775.820984,70.02,12.543949,132.701523
775.820984,75.02,9.483448,84.20005
778.963989,65.02,18.032734,152.271988
778.963989,70.02,12.478972,133.665939
778.963989,75.02,9.276015,84.863762
782.106628,65.02,18.033401,152.902802
782.106628,70.02,12.413998,134.62532
782.106628,75.02,9.090108,85.501564
785.248901,65.02,18.037031,153.514175
785.248901,70.02,12.358589,135.59285
785.248901,75.02,8.882627,86.023933
788.39093,65.02,18.038134,154.146454
788.39093,70.02,12.302026,136.496704
788.39093,75.02,8.686432,86.677155
791.532593,65.02,18.029428,154.742065
791.532593,70.02,12.230847,137.426346
791.532593,75.02,8.49472,87.367661
794.67395,65.02,18.032442,155.3423
794.67395,70.02,12.181203,138.355347
794.67395,75.02,8.3036,87.94635
797.814941,65.02,18.029463,155.903198
797.814941,70.02,12.123837,139.311417
797.814941,75.02,8.116702,88.509056
800.955688,65.02,18.01989,156.536896
800.955688,70.02,12.065335,140.154266
800.955688,75.02,7.918602,89.128151
804.096069,65.02,18.007992,157.088257
804.096069,70.02,12.005076,141.086365
804.096069,75.02,7.730196,89.781319
807.236145,65.02,18.018297,157.676834
807.236145,70.02,11.948012,142.045593
807.236145,75.02,7.536758,90.442307
810.375854,65.02,18.00404,158.217392
810.375854,70.02,11.900754,142.91333
810.375854,75.02,7.353113,91.031593
813.515259,65.02,17.995178,158.830704
813.515259,70.02,11.840236,143.852768
813.515259,75.02,7.17331,91.663963
816.654419,65.02,17.999441,159.368134
816.654419,70.02,11.787492,144.753632
816.654419,75.02,6.997224,92.328056
819.793152,65.02,17.999773,159.919708
819.793152,70.02,11.740962,145.602478
819.793152,75.02,6.807298,93.025826
822.931519,65.02,17.990229,160.430313
822.931519,70.02,11.697846,146.473129
822.931519,75.02,6.62722,93.562454
826.069702,65.02,17.970219,160.954437
826.069702,70.02,11.646482,147.350143
826.069702,75.02,6.457022,94.165459
829.20752,65.02,17.973053,161.508484
829.20752,70.02,11.588985,148.177139
829.20752,75.02,6.273067,94.751518
832.34491,65.02,17.955822,161.997955
832.34491,70.02,11.544959,149.051453
832.34491,75.02,6.109163,95.491959
835.482239,65.02,17.937122,162.533112
835.482239,70.02,11.502407,149.97113
835.482239,75.02,5.929223,96.266922
838.619019,65.02,17.936773,163.07634
838.619019,70.02,11.442925,150.781326
838.619019,75.02,5.759377,96.946045
841.755554,65.02,17.93791,163.548874
841.755554,70.02,11.408085,151.576309
841.755554,75.02,5.591635,97.476349
844.891785,65.02,17.923563,164.059662
844.891785,70.02,11.360096,152.432678
844.891785,75.02,5.41897,98.140427
848.027527,65.02,17.909925,164.568497
848.027527,70.02,11.308339,153.268631
848.027527,75.02,5.249012,98.939651
851.163086,65.02,17.898748,165.05748
851.163086,70.02,11.268837,154.182343
851.163086,75.02,5.087563,99.645569
854.298462,65.02,17.891211,165.55748
854.298462,70.02,11.230206,154.967056
854.298462,75.02,4.921807,100.282341
857.433289,65.02,17.863504,166.035233
857.433289,70.02,11.190642,155.790375
857.433289,75.02,4.754452,100.973946
860.567871,65.02,17.848869,166.501755
860.567871,70.02,11.145373,156.582962
860.567871,75.02,4.601145,101.77018
863.702148,65.02,17.84231,166.976166
863.702148,70.02,11.10088,157.404602
863.702148,75.02,4.436162,102.633904
866.836121,65.02,17.837959,167.466644
866.836121,70.02,11.051861,158.250488
866.836121,75.02,4.278056,103.437553
869.969727,65.02,17.819675,167.924271
869.969727,70.02,11.030855,159.098038
869.969727,75.02,4.121547,104.286324
873.103027,65.02,17.804886,168.38382
873.103027,70.02,10.994417,159.924667
873.103027,75.02,3.962053,105.196526
876.236023,65.02,17.792877,168.826065
876.236023,70.02,10.951908,160.651581
876.236023,75.02,3.815614,105.953461
879.368652,65.02,17.778669,169.303864
879.368652,70.02,10.908058,161.443787
879.368652,75.02,3.65694,106.879822
882.500977,65.02,17.766897,169.754425
882.500977,70.02,10.874806,162.295654
882.500977,75.02,3.504109,108.224403
885.632996,65.02,17.74803,170.156555
885.632996,70.02,10.83973,163.050079
885.632996,75.02,3.36232,109.056511
888.764771,65.02,17.733997,170.613495
888.764771,70.02,10.80491,163.815399
888.764771,75.02,3.21585,110.1689
891.896118,65.02,17.713711,171.062317
891.896118,70.02,10.766967,164.611862
891.896118,75.02,3.059199,110.977295
895.027161,65.02,17.691059,171.491516
895.027161,70.02,10.733918,165.37323
895.027161,75.02,2.919066,112.492157
898.157837,65.02,17.686443,171.934021
898.157837,70.02,10.699633,166.168701
898.157837,75.02,2.77312,113.679146
901.288269,65.02,17.666813,172.361069
901.288269,70.02,10.666155,166.912323
901.288269,75.02,2.634448,115.246063
904.418335,65.02,17.659006,172.787521
904.418335,70.02,10.634031,167.653412
904.418335,75.02,2.497795,116.50589
907.548157,65.02,17.644751,173.200912
907.548157,70.02,10.613517,168.438843
907.548157,75.02,2.362973,118.100685
910.677551,65.02,17.623386,173.609833
910.677551,70.02,10.57308,169.213013
910.677551,75.02,2.23006,119.921745
913.806641,65.02,17.611393,174.039642
913.806641,70.02,10.543573,169.945755
913.806641,75.02,2.102098,121.7612
916.935547,65.02,17.594776,174.426086
916.935547,70.02,10.518139,170.662476
916.935547,75.02,1.967499,123.411507
920.063843,65.02,17.58334,174.848679
920.063843,70.02,10.499692,171.403717
920.063843,75.02,1.843955,125.727806
923.1922,65.02,17.551128,175.255814
923.1922,70.02,10.473907,172.147415
923.1922,75.02,1.724815,128.336075
926.319946,65.02,17.530193,175.621109
926.319946,70.02,10.432626,172.900528
926.319946,75.02,1.611709,131.126831
929.447449,65.02,17.523474,176.02597
929.447449,70.02,10.39895,173.599869
929.447449,75.02,1.502497,134.311508
932.574585,65.02,17.507185,176.383606
932.574585,70.02,10.381402,174.299896
932.574585,75.02,1.39516,138.105103
935.701538,65.02,17.493673,176.781235
935.701538,70.02,10.378302,174.96553
935.701538,75.02,1.301177,141.819336
938.828125,65.02,17.471903,177.184036
938.828125,70.02,10.329188,175.698883
938.828125,75.02,1.188313,146.278244
941.954285,65.02,17.455158,177.615738
941.954285,70.02,10.305747,176.545837
941.954285,75.02,1.110684,152.909851
945.0802,65.02,17.416286,178.035828
945.0802,70.02,10.277731,177.278183
945.0802,75.02,1.015747,159.268845
948.20575,65.02,17.422371,178.460358
948.20575,70.02,10.256598,178.096329
948.20575,75.02,0.958942,167.699112
951.331055,65.02,17.388802,178.857834
951.331055,70.02,10.229198,178.860687
951.331055,75.02,0.913475,175.054977
954.455872,65.02,17.381704,179.216232
954.455872,70.02,10.20018,179.492142
954.455872,75.02,0.875034,183.983536
957.580444,65.02,17.357922,179.58374
957.580444,70.02,10.194648,180.195068
957.580444,75.02,0.889324,192.372513
960.704895,65.02,17.344378,179.942642
960.704895,70.02,10.181129,180.935638
960.704895,75.02,0.901604,200.927338
963.828796,65.02,17.328077,180.330414
963.828796,70.02,10.155354,181.560303
963.828796,75.02,0.924074,208.932785
966.952454,65.02,17.312782,180.69696
966.952454,70.02,10.151773,182.224716
966.952454,75.02,0.969349,215.739731
970.075806,65.02,17.310383,181.038788
970.075806,70.02,10.140137,182.905579
970.075806,75.02,1.02992,222.755432
973.198853,65.02,17.279587,181.402237
973.198853,70.02,10.11646,183.593506
973.198853,75.02,1.101468,227.895294
976.321472,65.02,17.260813,181.725143
976.321472,70.02,10.096547,184.233612
976.321472,75.02,1.175762,232.769379
979.443848,65.02,17.241976,182.112595
979.443848,70.02,10.071554,184.922195
979.443848,75.02,1.258878,237.713501
982.565918,65.02,17.234209,182.466034
982.565918,70.02,10.034858,185.662216
982.565918,75.02,1.334379,241.761292
985.687622,65.02,17.205439,182.800095
985.687622,70.02,10.021794,186.228836
985.687622,75.02,1.430656,244.661346
988.80896,65.02,17.192583,183.140701
988.80896,70.02,10.008101,186.927353
988.80896,75.02,1.524601,247.739624
991.930054,65.02,17.167294,183.462372
991.930054,70.02,9.98789,187.56839
991.930054,75.02,1.625529,250.336761
995.050781,65.02,17.134844,183.829117
995.050781,70.02,9.983793,188.215012
995.050781,75.02,1.71519,252.784943
998.171265,65.02,17.129833,184.144592
998.171265,70.02,9.979423,188.808197
998.171265,75.02,1.81172,254.923447
